id,date,asset_id,lot_id,methodology_id,clean_price,accrued_interest,indexer_id,indexer_percentage,spread_over_indexer,spread_over_cdi,spread_over_inflation,cash_flow,currency_id,last_valuation_flag,created_at,updated_at,duration_years
7637557,2025-11-14 09:00:00-03,20451,1,2,87.34147505,5.92083683,1,1.00000000,0.17000000,0.03119718,,-87.34147505,2,f,2026-04-28 00:27:49.043499-03,,
7637589,2025-11-15 00:00:00-03,20451,1,2,87.34147505,5.92083683,1,1.00000000,0.17000000,0.03119718,,0.00000000,2,f,2026-04-28 00:36:35.103852-03,,
7637615,2025-11-16 00:00:00-03,20451,1,2,87.34147505,5.92083683,1,1.00000000,0.17000000,0.03119718,,0.00000000,2,f,2026-04-28 00:36:47.745505-03,,
7637645,2025-11-17 00:00:00-03,20451,1,2,87.34147505,5.97896022,1,1.00000000,0.17000000,0.03092954,,0.00000000,2,f,2026-04-28 00:37:00.636824-03,,
7637671,2025-11-18 00:00:00-03,20451,1,2,87.34147505,6.03711983,1,1.00000000,0.17000000,0.03102019,,0.00000000,2,f,2026-04-28 00:37:12.993065-03,,
7648792,2025-11-19 00:00:00-03,20451,1,2,87.34147505,6.09531569,1,1.00000000,0.17000000,0.03102752,,0.00000000,2,f,2026-04-28 01:07:18.038836-03,,
7648815,2025-11-20 00:00:00-03,20451,1,2,87.34147505,6.09531569,1,1.00000000,0.17000000,0.03102752,,0.00000000,2,f,2026-04-28 01:07:50.333184-03,,
7648846,2025-11-21 00:00:00-03,20451,1,2,87.34147505,6.15354782,1,1.00000000,0.17000000,0.03147393,,0.00000000,2,f,2026-04-28 01:08:05.100617-03,,
7648871,2025-11-22 00:00:00-03,20451,1,2,87.34147505,6.15354782,1,1.00000000,0.17000000,0.03147393,,0.00000000,2,f,2026-04-28 01:08:23.681062-03,,
7648899,2025-11-23 00:00:00-03,20451,1,2,87.34147505,6.15354782,1,1.00000000,0.17000000,0.03147393,,0.00000000,2,f,2026-04-28 01:08:37.659506-03,,
7648930,2025-11-24 00:00:00-03,20451,1,2,87.34147505,6.21181624,1,1.00000000,0.17000000,0.03184618,,0.00000000,2,f,2026-04-28 01:08:50.542176-03,,
7648958,2025-11-25 00:00:00-03,20451,1,2,87.34147505,6.27012097,1,1.00000000,0.17000000,0.03211826,,0.00000000,2,f,2026-04-28 01:09:03.260791-03,,
7660527,2025-11-26 00:00:00-03,20451,1,2,87.34147505,6.32846204,1,1.00000000,0.17000000,0.03293843,,0.00000000,2,f,2026-04-28 08:15:00.832168-03,,
7660555,2025-11-27 00:00:00-03,20451,1,2,87.34147505,6.38683947,1,1.00000000,0.17000000,0.03347837,,0.00000000,2,f,2026-04-28 08:15:13.772318-03,,
7660583,2025-11-28 00:00:00-03,20451,1,2,87.34147505,6.44525328,1,1.00000000,0.17000000,0.03375277,,0.00000000,2,f,2026-04-28 08:15:26.342276-03,,
7660608,2025-11-29 00:00:00-03,20451,1,2,87.34147505,6.44525328,1,1.00000000,0.17000000,0.03375277,,0.00000000,2,f,2026-04-28 08:15:39.024354-03,,
7660636,2025-11-30 00:00:00-03,20451,1,2,87.34147505,6.44525328,1,1.00000000,0.17000000,0.03375277,,0.00000000,2,f,2026-04-28 08:15:51.954978-03,,
7660667,2025-12-01 00:00:00-03,20451,1,2,87.34147505,6.50370350,1,1.00000000,0.17000000,0.03374316,,0.00000000,2,f,2026-04-28 08:16:04.738033-03,,
7660695,2025-12-02 00:00:00-03,20451,1,2,87.34147505,6.56219014,1,1.00000000,0.17000000,0.03475071,,0.00000000,2,f,2026-04-28 08:16:18.322903-03,,
8459220,2025-12-03 00:00:00-03,20451,1,2,87.34147505,6.62071323,1,1.00000000,0.17000000,0.03484152,,0.00000000,2,f,2026-04-28 08:46:30.908717-03,,
8491599,2025-12-04 00:00:00-03,20451,1,2,87.34147505,6.67927280,1,1.00000000,0.17000000,0.03530728,,0.00000000,2,f,2026-04-28 09:50:57.194829-03,,
9198392,2025-12-05 00:00:00-03,20451,1,2,87.34147505,6.73786886,1,1.00000000,0.17000000,0.03020230,,0.00000000,2,f,2026-04-29 16:24:57.427919-03,,
9198417,2025-12-06 00:00:00-03,20451,1,2,87.34147505,6.73786886,1,1.00000000,0.17000000,0.03020230,,0.00000000,2,f,2026-04-29 16:25:10.436426-03,,
9198445,2025-12-07 00:00:00-03,20451,1,2,87.34147505,6.73786886,1,1.00000000,0.17000000,0.03020230,,0.00000000,2,f,2026-04-29 16:25:21.959585-03,,
9198476,2025-12-08 00:00:00-03,20451,1,2,87.34147505,6.79650144,1,1.00000000,0.17000000,0.03091988,,0.00000000,2,f,2026-04-29 16:25:33.481544-03,,
9204252,2025-12-08 09:00:00-03,20451,1,2,83.63300475,6.79650144,1,1.00000000,0.17000000,0.03091988,,-83.63300475,2,f,2026-04-30 09:12:15.826556-03,,
9204282,2025-12-09 00:00:00-03,20451,1,2,83.63300475,6.85285935,1,1.00000000,0.17000000,0.03046664,,0.00000000,2,f,2026-04-30 09:16:18.543598-03,,
9282052,2025-12-10 00:00:00-03,20451,1,2,83.63300475,6.90925239,1,1.00000000,0.17000000,0.02956828,,0.00000000,2,f,2026-04-30 18:50:29.005538-03,,
9314042,2025-12-11 00:00:00-03,20451,1,2,83.63300475,6.96568057,1,1.00000000,0.17000000,0.03037592,,0.00000000,2,f,2026-05-01 10:30:38.006088-03,,
9346082,2025-12-12 00:00:00-03,20451,1,2,83.63300475,7.02214392,1,1.00000000,0.17000000,0.03146599,,0.00000000,2,f,2026-05-01 10:50:53.562334-03,,
9346107,2025-12-13 00:00:00-03,20451,1,2,83.63300475,7.02214392,1,1.00000000,0.17000000,0.03146599,,0.00000000,2,f,2026-05-01 10:51:11.253942-03,,
9346135,2025-12-14 00:00:00-03,20451,1,2,83.63300475,7.02214392,1,1.00000000,0.17000000,0.03146599,,0.00000000,2,f,2026-05-01 10:51:28.646324-03,,
9346166,2025-12-15 00:00:00-03,20451,1,2,83.63300475,7.07864246,1,1.00000000,0.17000000,0.03202023,,0.00000000,2,f,2026-05-01 10:51:45.803778-03,,
9346194,2025-12-16 00:00:00-03,20451,1,2,83.63300475,7.13517621,1,1.00000000,0.17000000,0.03112380,,0.00000000,2,f,2026-05-01 10:52:03.592749-03,,
9378219,2025-12-17 00:00:00-03,20451,1,2,83.63300475,7.19174519,1,1.00000000,0.17000000,0.02901639,,0.00000000,2,f,2026-05-01 11:13:30.581539-03,,
9410213,2025-12-18 00:00:00-03,20451,1,2,83.63300475,7.24834943,1,1.00000000,0.17000000,0.02883557,,0.00000000,2,f,2026-05-01 11:22:37.494536-03,,
9410243,2025-12-19 00:00:00-03,20451,1,2,83.63300475,7.30498895,1,1.00000000,0.17000000,0.02956008,,0.00000000,2,f,2026-05-01 11:22:56.062145-03,,
9410270,2025-12-20 00:00:00-03,20451,1,2,83.63300475,7.30498895,1,1.00000000,0.17000000,0.02956008,,0.00000000,2,f,2026-05-01 11:23:16.397897-03,,
9410302,2025-12-21 00:00:00-03,20451,1,2,83.63300475,7.30498895,1,1.00000000,0.17000000,0.02956008,,0.00000000,2,f,2026-05-01 11:23:35.290532-03,,
9410339,2025-12-22 00:00:00-03,20451,1,2,83.63300475,7.36166376,1,1.00000000,0.17000000,0.02867421,,0.00000000,2,f,2026-05-01 11:23:54.434543-03,,
9410371,2025-12-23 00:00:00-03,20451,1,2,83.63300475,7.41837390,1,1.00000000,0.17000000,0.02906339,,0.00000000,2,f,2026-05-01 11:24:13.710534-03,,
9474339,2025-12-24 00:00:00-03,20451,1,2,83.63300475,7.47511938,1,1.00000000,0.17000000,0.02906299,,0.00000000,2,f,2026-05-01 11:59:04.74985-03,,
9474366,2025-12-25 00:00:00-03,20451,1,2,83.63300475,7.47511938,1,1.00000000,0.17000000,0.02906299,,0.00000000,2,f,2026-05-01 11:59:17.882935-03,,
9474403,2025-12-26 00:00:00-03,20451,1,2,83.63300475,7.53190022,1,1.00000000,0.17000000,0.02946962,,0.00000000,2,f,2026-05-01 11:59:29.989797-03,,
9506384,2025-12-27 00:00:00-03,20451,1,2,83.63300475,7.53190022,1,1.00000000,0.17000000,0.02946962,,0.00000000,2,f,2026-05-01 12:05:25.246819-03,,
9506416,2025-12-28 00:00:00-03,20451,1,2,83.63300475,7.53190022,1,1.00000000,0.17000000,0.02946962,,0.00000000,2,f,2026-05-01 12:05:37.136748-03,,
9506453,2025-12-29 00:00:00-03,20451,1,2,83.63300475,7.58871645,1,1.00000000,0.17000000,0.02963457,,0.00000000,2,f,2026-05-01 12:05:49.447152-03,,
9506482,2025-12-30 00:00:00-03,20451,1,2,83.63300475,7.64556809,1,1.00000000,0.17000000,0.03011511,,0.00000000,2,f,2026-05-01 12:06:01.215635-03,,
9538491,2025-12-31 00:00:00-03,20451,1,2,83.63300475,7.70245516,1,1.00000000,0.17000000,0.03011491,,0.00000000,2,f,2026-05-01 12:55:10.236344-03,,
9538521,2026-01-01 00:00:00-03,20451,1,2,83.63300475,7.70245516,1,1.00000000,0.17000000,0.03011491,,0.00000000,2,f,2026-05-01 12:55:22.009859-03,,
9538555,2026-01-02 00:00:00-03,20451,1,2,83.63300475,7.75937769,1,1.00000000,0.17000000,0.03150304,,0.00000000,2,f,2026-05-01 12:55:33.921318-03,,
9538585,2026-01-03 00:00:00-03,20451,1,2,83.63300475,7.75937769,1,1.00000000,0.17000000,0.03150304,,0.00000000,2,f,2026-05-01 12:55:46.450336-03,,
9570960,2026-01-04 00:00:00-03,20451,1,2,83.63300475,7.75937769,1,1.00000000,0.17000000,0.03150304,,0.00000000,2,f,2026-05-01 13:57:13.58445-03,,
9570994,2026-01-05 00:00:00-03,20451,1,2,83.63300475,7.81633569,1,1.00000000,0.17000000,0.03101826,,0.00000000,2,f,2026-05-01 13:57:25.380529-03,,
9571026,2026-01-06 00:00:00-03,20451,1,2,83.63300475,7.87332919,1,1.00000000,0.17000000,0.03074895,,0.00000000,2,f,2026-05-01 13:57:37.206626-03,,
9604150,2026-01-07 00:00:00-03,20451,1,2,83.63300475,7.93035821,1,1.00000000,0.17000000,0.03022325,,0.00000000,2,f,2026-05-01 14:03:06.422819-03,,
9604181,2026-01-08 00:00:00-03,20451,1,2,83.63300475,7.98742277,1,1.00000000,0.17000000,0.03062935,,0.00000000,2,f,2026-05-01 14:03:18.638425-03,,
9649314,2026-01-09 00:00:00-03,20451,1,2,83.63300475,8.04452289,1,1.00000000,0.17000000,0.03042129,,0.00000000,2,f,2026-05-01 14:09:57.629651-03,,
10944806,2026-01-09 09:00:00-03,20451,1,2,79.31944930,8.04452289,1,1.00000000,0.17000000,0.03042129,,-79.31944930,2,f,2026-05-03 16:43:57.364052-03,,
10944835,2026-01-10 00:00:00-03,20451,1,2,79.31944930,8.04452289,1,1.00000000,0.17000000,0.03042129,,0.00000000,2,f,2026-05-03 16:49:09.89579-03,,
10944867,2026-01-11 00:00:00-03,20451,1,2,79.31944930,8.04452289,1,1.00000000,0.17000000,0.03042129,,0.00000000,2,f,2026-05-03 16:49:23.925829-03,,
10944900,2026-01-12 00:00:00-03,20451,1,2,79.31944930,8.09897029,1,1.00000000,0.17000000,0.03100272,,0.00000000,2,f,2026-05-03 16:49:37.783014-03,,
10944932,2026-01-13 00:00:00-03,20451,1,2,79.31944930,8.15345162,1,1.00000000,0.17000000,0.03054580,,0.00000000,2,f,2026-05-03 16:49:51.7708-03,,
11012245,2026-01-14 00:00:00-03,20451,1,2,79.31944930,8.20796690,1,1.00000000,0.17000000,0.03032204,,0.00000000,2,f,2026-05-03 17:11:59.396765-03,,
11012277,2026-01-15 00:00:00-03,20451,1,2,79.31944930,8.26251616,1,1.00000000,0.17000000,0.03006800,,0.00000000,2,f,2026-05-03 17:12:14.121293-03,,
11079554,2026-01-16 00:00:00-03,20451,1,2,79.31944930,8.31709941,1,1.00000000,0.17000000,0.02876212,,0.00000000,2,f,2026-05-03 17:34:47.825029-03,,
11146862,2026-01-17 00:00:00-03,20451,1,2,79.31944930,8.31709941,1,1.00000000,0.17000000,0.02876212,,0.00000000,2,f,2026-05-03 17:40:40.548938-03,,
11146896,2026-01-18 00:00:00-03,20451,1,2,79.31944930,8.31709941,1,1.00000000,0.17000000,0.02876212,,0.00000000,2,f,2026-05-03 17:40:54.991026-03,,
11146932,2026-01-19 00:00:00-03,20451,1,2,79.31944930,8.37171668,1,1.00000000,0.17000000,0.02895463,,0.00000000,2,f,2026-05-03 17:41:08.989613-03,,
11214221,2026-01-20 00:00:00-03,20451,1,2,79.31944930,8.42636799,1,1.00000000,0.17000000,0.02808553,,0.00000000,2,f,2026-05-03 17:47:15.893687-03,,
11281511,2026-01-21 00:00:00-03,20451,1,2,79.31944930,8.48105336,1,1.00000000,0.17000000,0.02890806,,0.00000000,2,f,2026-05-03 17:54:39.311111-03,,
11281545,2026-01-22 00:00:00-03,20451,1,2,79.31944930,8.53577281,1,1.00000000,0.17000000,0.02946992,,0.00000000,2,f,2026-05-03 17:54:53.051294-03,,
11348830,2026-01-23 00:00:00-03,20451,1,2,79.31944930,8.59052636,1,1.00000000,0.17000000,0.03001359,,0.00000000,2,f,2026-05-03 18:02:00.958642-03,,
11348864,2026-01-24 00:00:00-03,20451,1,2,79.31944930,8.59052636,1,1.00000000,0.17000000,0.03001359,,0.00000000,2,f,2026-05-03 18:02:15.610636-03,,
11348900,2026-01-25 00:00:00-03,20451,1,2,79.31944930,8.59052636,1,1.00000000,0.17000000,0.03001359,,0.00000000,2,f,2026-05-03 18:02:29.626652-03,,
11348938,2026-01-26 00:00:00-03,20451,1,2,79.31944930,8.64531404,1,1.00000000,0.17000000,0.03045937,,0.00000000,2,f,2026-05-03 18:02:43.865119-03,,
11348974,2026-01-27 00:00:00-03,20451,1,2,79.31944930,8.70013586,1,1.00000000,0.17000000,0.03203103,,0.00000000,2,f,2026-05-03 18:02:57.945034-03,,
11416315,2026-01-28 00:00:00-03,20451,1,2,79.31944930,8.75499185,1,1.00000000,0.17000000,0.03231384,,0.00000000,2,f,2026-05-03 18:08:57.9936-03,,
11483607,2026-01-29 00:00:00-03,20451,1,2,79.31944930,8.80988203,1,1.00000000,0.17000000,0.03262473,,0.00000000,2,f,2026-05-03 18:14:57.110499-03,,
11550883,2026-01-30 00:00:00-03,20451,1,2,79.31944930,8.86480642,1,1.00000000,0.17000000,0.03261587,,0.00000000,2,f,2026-05-03 18:22:38.022325-03,,
11550920,2026-01-31 00:00:00-03,20451,1,2,79.31944930,8.86480642,1,1.00000000,0.17000000,0.03261587,,0.00000000,2,f,2026-05-03 18:22:52.347404-03,,
11550960,2026-02-01 00:00:00-03,20451,1,2,79.31944930,8.86480642,1,1.00000000,0.17000000,0.03261587,,0.00000000,2,f,2026-05-03 18:23:07.286529-03,,
11551003,2026-02-02 00:00:00-03,20451,1,2,79.31944930,8.91976504,1,1.00000000,0.17000000,0.03159745,,0.00000000,2,f,2026-05-03 18:23:22.063458-03,,
11551042,2026-02-03 00:00:00-03,20451,1,2,79.31944930,8.97475791,1,1.00000000,0.17000000,0.03213435,,0.00000000,2,f,2026-05-03 18:23:36.262932-03,,
12847807,2026-02-04 00:00:00-03,20451,1,2,79.31944930,9.02978505,1,1.00000000,0.17000000,0.03140672,,0.00000000,2,f,2026-05-09 21:04:08.602656-03,,
12968568,2026-02-05 00:00:00-03,20451,1,2,79.31944930,9.08484649,1,1.00000000,0.17000000,0.03136397,,0.00000000,2,f,2026-05-09 21:22:29.734704-03,,
13105937,2026-02-06 00:00:00-03,20451,1,2,79.31944930,9.13994224,1,1.00000000,0.17000000,0.03077315,,0.00000000,2,f,2026-05-09 21:39:03.269218-03,,
13226455,2026-02-07 00:00:00-03,20451,1,2,79.31944930,9.13994224,1,1.00000000,0.17000000,0.03077315,,0.00000000,2,f,2026-05-09 21:51:52.099551-03,,
13226497,2026-02-08 00:00:00-03,20451,1,2,79.31944930,9.13994224,1,1.00000000,0.17000000,0.03077315,,0.00000000,2,f,2026-05-09 21:52:10.679465-03,,
13226541,2026-02-09 00:00:00-03,20451,1,2,79.31944930,9.19507233,1,1.00000000,0.17000000,0.03141905,,0.00000000,2,f,2026-05-09 21:52:27.97474-03,,
13226583,2026-02-10 00:00:00-03,20451,1,2,79.31944930,9.25023678,1,1.00000000,0.17000000,0.03124636,,0.00000000,2,f,2026-05-09 21:52:44.39881-03,,
13349517,2026-02-11 00:00:00-03,20451,1,2,79.31944930,9.30543561,1,1.00000000,0.17000000,0.03086474,,0.00000000,2,f,2026-05-09 22:05:55.918284-03,,
13469999,2026-02-11 09:00:00-03,20451,1,2,73.46452752,9.30543561,1,1.00000000,0.17000000,0.03086474,,-73.46452752,2,f,2026-05-09 22:13:46.360991-03,,
13470027,2026-02-12 00:00:00-03,20451,1,2,73.46452752,9.35701990,1,1.00000000,0.17000000,0.03128266,,0.00000000,2,f,2026-05-09 22:15:38.830373-03,,
13470074,2026-02-13 00:00:00-03,20451,1,2,73.46452752,9.40863634,1,1.00000000,0.17000000,0.03171928,,0.00000000,2,f,2026-05-09 22:20:07.555792-03,,
13711014,2026-02-14 00:00:00-03,20451,1,2,73.46452752,9.40863634,1,1.00000000,0.17000000,0.03171928,,0.00000000,2,f,2026-05-09 22:29:10.753086-03,,
13711062,2026-02-15 00:00:00-03,20451,1,2,73.46452752,9.40863634,1,1.00000000,0.17000000,0.03171928,,0.00000000,2,f,2026-05-09 22:29:29.39034-03,,
13711110,2026-02-16 00:00:00-03,20451,1,2,73.46452752,9.40863634,1,1.00000000,0.17000000,0.03171928,,0.00000000,2,f,2026-05-09 22:29:48.604014-03,,
13711158,2026-02-17 00:00:00-03,20451,1,2,73.46452752,9.40863634,1,1.00000000,0.17000000,0.03171928,,0.00000000,2,f,2026-05-09 22:30:07.625334-03,,
13711211,2026-02-18 00:00:00-03,20451,1,2,73.46452752,9.46028495,1,1.00000000,0.17000000,0.03230470,,0.00000000,2,f,2026-05-09 22:30:26.226228-03,,
13711259,2026-02-19 00:00:00-03,20451,1,2,73.46452752,9.51196575,1,1.00000000,0.17000000,0.03135622,,0.00000000,2,f,2026-05-09 22:30:44.262593-03,,
13711307,2026-02-20 00:00:00-03,20451,1,2,73.46452752,9.56367876,1,1.00000000,0.17000000,0.03192019,,0.00000000,2,f,2026-05-09 22:31:01.794867-03,,
13711350,2026-02-21 00:00:00-03,20451,1,2,73.46452752,9.56367876,1,1.00000000,0.17000000,0.03192019,,0.00000000,2,f,2026-05-09 22:31:21.085306-03,,
13711398,2026-02-22 00:00:00-03,20451,1,2,73.46452752,9.56367876,1,1.00000000,0.17000000,0.03192019,,0.00000000,2,f,2026-05-09 22:31:38.514725-03,,
13711451,2026-02-23 00:00:00-03,20451,1,2,73.46452752,9.61542400,1,1.00000000,0.17000000,0.03182101,,0.00000000,2,f,2026-05-09 22:31:56.131995-03,,
13711499,2026-02-24 00:00:00-03,20451,1,2,73.46452752,9.66720149,1,1.00000000,0.17000000,0.03229454,,0.00000000,2,f,2026-05-09 22:32:14.411385-03,,
13832041,2026-02-25 00:00:00-03,20451,1,2,73.46452752,9.71901125,1,1.00000000,0.17000000,0.03267641,,0.00000000,2,f,2026-05-09 22:41:59.754741-03,,
13832089,2026-02-26 00:00:00-03,20451,1,2,73.46452752,9.77085330,1,1.00000000,0.17000000,0.03277647,,0.00000000,2,f,2026-05-09 22:42:18.690152-03,,
13832137,2026-02-27 00:00:00-03,20451,1,2,73.46452752,9.82272765,1,1.00000000,0.17000000,0.03249415,,0.00000000,2,f,2026-05-09 22:42:36.079512-03,,
13832180,2026-02-28 00:00:00-03,20451,1,2,73.46452752,9.82272765,1,1.00000000,0.17000000,0.03249415,,0.00000000,2,f,2026-05-09 22:42:54.304659-03,,
13832228,2026-03-01 00:00:00-03,20451,1,2,73.46452752,9.82272765,1,1.00000000,0.17000000,0.03249415,,0.00000000,2,f,2026-05-09 22:43:12.518337-03,,
13832281,2026-03-02 00:00:00-03,20451,1,2,73.46452752,9.87463433,1,1.00000000,0.17000000,0.03183760,,0.00000000,2,f,2026-05-09 22:43:30.033235-03,,
13832329,2026-03-03 00:00:00-03,20451,1,2,73.46452752,9.92657336,1,1.00000000,0.17000000,0.03039282,,0.00000000,2,f,2026-05-09 22:43:47.74415-03,,
15263184,2026-03-04 00:00:00-03,20451,1,2,73.46452752,9.97854476,1,1.00000000,0.17000000,0.03133725,,0.00000000,2,f,2026-05-10 00:33:26.914024-03,,
15263232,2026-03-05 00:00:00-03,20451,1,2,73.46452752,10.03054855,1,1.00000000,0.17000000,0.02909606,,0.00000000,2,f,2026-05-10 00:33:44.443775-03,,
15263270,2026-03-05 09:00:00-03,20451,1,2,68.51171267,10.03054855,1,1.00000000,0.17000000,0.02909606,,-68.51171267,2,f,2026-05-10 00:45:28.601333-03,,
15263300,2026-03-06 00:00:00-03,20451,1,2,68.51171267,10.07949804,1,1.00000000,0.17000000,0.02761486,,0.00000000,2,f,2026-05-10 00:48:17.225652-03,,
15464284,2026-03-07 00:00:00-03,20451,1,2,68.51171267,10.07949804,1,1.00000000,0.17000000,0.02761486,,0.00000000,2,f,2026-05-10 09:10:15.763965-03,,
15464334,2026-03-08 00:00:00-03,20451,1,2,68.51171267,10.07949804,1,1.00000000,0.17000000,0.02761486,,0.00000000,2,f,2026-05-10 09:10:33.918787-03,,
15464390,2026-03-09 00:00:00-03,20451,1,2,68.51171267,10.12847803,1,1.00000000,0.17000000,0.02784616,,0.00000000,2,f,2026-05-10 09:10:53.006616-03,,
15464438,2026-03-10 00:00:00-03,20451,1,2,68.51171267,10.17748855,1,1.00000000,0.17000000,0.02953071,,0.00000000,2,f,2026-05-10 09:11:10.659413-03,,
15464488,2026-03-11 00:00:00-03,20451,1,2,68.51171267,10.22652961,1,1.00000000,0.17000000,0.02943597,,0.00000000,2,f,2026-05-10 09:11:28.141073-03,,
15464538,2026-03-12 00:00:00-03,20451,1,2,68.51171267,10.27560124,1,1.00000000,0.17000000,0.02761089,,0.00000000,2,f,2026-05-10 09:11:45.941601-03,,
15464590,2026-03-13 00:00:00-03,20451,1,2,68.51171267,10.32470345,1,1.00000000,0.17000000,0.02491618,,0.00000000,2,f,2026-05-10 09:12:04.619046-03,,
15464637,2026-03-14 00:00:00-03,20451,1,2,68.51171267,10.32470345,1,1.00000000,0.17000000,0.02491618,,0.00000000,2,f,2026-05-10 09:12:23.411564-03,,
15464689,2026-03-15 00:00:00-03,20451,1,2,68.51171267,10.32470345,1,1.00000000,0.17000000,0.02491618,,0.00000000,2,f,2026-05-10 09:12:41.565533-03,,
15464746,2026-03-16 00:00:00-03,20451,1,2,68.51171267,10.37383626,1,1.00000000,0.17000000,0.02811214,,0.00000000,2,f,2026-05-10 09:12:59.622667-03,,
15464798,2026-03-17 00:00:00-03,20451,1,2,68.51171267,10.42299969,1,1.00000000,0.17000000,0.02788840,,0.00000000,2,f,2026-05-10 09:13:19.274631-03,,
15665844,2026-03-18 00:00:00-03,20451,1,2,68.51171267,10.47219376,1,1.00000000,0.17000000,0.02731185,,0.00000000,2,f,2026-05-10 09:31:52.326195-03,,
15665895,2026-03-19 00:00:00-03,20451,1,2,68.51171267,10.52141849,1,1.00000000,0.17000000,0.02794295,,0.00000000,2,f,2026-05-10 09:32:10.590546-03,,
15866940,2026-03-20 00:00:00-03,20451,1,2,68.51171267,10.57067390,1,1.00000000,0.17000000,0.02594723,,0.00000000,2,f,2026-05-10 09:42:28.456992-03,,
15866988,2026-03-21 00:00:00-03,20451,1,2,68.51171267,10.57067390,1,1.00000000,0.17000000,0.02594723,,0.00000000,2,f,2026-05-10 09:42:46.638691-03,,
15867040,2026-03-22 00:00:00-03,20451,1,2,68.51171267,10.57067390,1,1.00000000,0.17000000,0.02594723,,0.00000000,2,f,2026-05-10 09:43:04.702175-03,,
15867096,2026-03-23 00:00:00-03,20451,1,2,68.51171267,10.61996001,1,1.00000000,0.17000000,0.02773703,,0.00000000,2,f,2026-05-10 09:43:23.628766-03,,
15867148,2026-03-24 00:00:00-03,20451,1,2,68.51171267,10.66927683,1,1.00000000,0.17000000,0.02602344,,0.00000000,2,f,2026-05-10 09:43:41.824362-03,,
15867202,2026-03-25 00:00:00-03,20451,1,2,68.51171267,10.71862439,1,1.00000000,0.17000000,0.02638472,,0.00000000,2,f,2026-05-10 09:44:00.316936-03,,
15867256,2026-03-26 00:00:00-03,20451,1,2,68.51171267,10.76800270,1,1.00000000,0.17000000,0.02495249,,0.00000000,2,f,2026-05-10 09:44:19.880339-03,,
16068256,2026-03-27 00:00:00-03,20451,1,2,68.51171267,10.81741179,1,1.00000000,0.17000000,0.02483609,,0.00000000,2,f,2026-05-10 09:51:01.565714-03,,
16068305,2026-03-28 00:00:00-03,20451,1,2,68.51171267,10.81741179,1,1.00000000,0.17000000,0.02483609,,0.00000000,2,f,2026-05-10 09:51:21.908914-03,,
16068359,2026-03-29 00:00:00-03,20451,1,2,68.51171267,10.81741179,1,1.00000000,0.17000000,0.02483609,,0.00000000,2,f,2026-05-10 09:51:40.112229-03,,
16068418,2026-03-30 00:00:00-03,20451,1,2,68.51171267,10.86685167,1,1.00000000,0.17000000,0.02514755,,0.00000000,2,f,2026-05-10 09:51:58.535113-03,,
16269459,2026-03-31 00:00:00-03,20451,1,2,68.51171267,10.91632236,1,1.00000000,0.17000000,0.02728300,,0.00000000,2,f,2026-05-10 10:08:56.97545-03,,
16269515,2026-04-01 00:00:00-03,20451,1,2,68.51171267,10.96582388,1,1.00000000,0.17000000,0.02759082,,0.00000000,2,f,2026-05-10 10:09:17.044792-03,,
16269571,2026-04-02 00:00:00-03,20451,1,2,68.51171267,11.01535625,1,1.00000000,0.17000000,0.02740256,,0.00000000,2,f,2026-05-10 10:09:35.62847-03,,
16269621,2026-04-03 00:00:00-03,20451,1,2,68.51171267,11.01535625,1,1.00000000,0.17000000,0.02740256,,0.00000000,2,f,2026-05-10 10:09:54.948525-03,,
16269677,2026-04-04 00:00:00-03,20451,1,2,68.51171267,11.01535625,1,1.00000000,0.17000000,0.02740256,,0.00000000,2,f,2026-05-10 10:10:14.812766-03,,
16269733,2026-04-05 00:00:00-03,20451,1,2,68.51171267,11.01535625,1,1.00000000,0.17000000,0.02740256,,0.00000000,2,f,2026-05-10 10:10:33.491975-03,,
16269795,2026-04-06 00:00:00-03,20451,1,2,68.51171267,11.06491949,1,1.00000000,0.17000000,0.02764657,,0.00000000,2,f,2026-05-10 10:10:53.212737-03,,
17658868,2026-04-07 00:00:00-03,20451,1,2,68.51171267,11.11451362,1,1.00000000,0.17000000,0.02697773,,0.00000000,2,f,2026-05-10 10:43:59.035651-03,,
17987631,2026-04-07 09:00:00-03,20451,1,2,68.49434534,11.11451362,1,1.00000000,0.17000000,0.02697773,,-68.49434534,2,f,2026-05-10 11:19:40.809359-03,,
17987796,2026-04-08 00:00:00-03,20451,1,2,68.49434534,11.16412784,1,1.00000000,0.17000000,0.02965766,,0.00000000,2,f,2026-05-11 14:21:05.739834-03,,
17987976,2026-04-09 00:00:00-03,20451,1,2,68.49434534,11.21377298,1,1.00000000,0.17000000,0.02972113,,0.00000000,2,f,2026-05-11 14:31:29.422063-03,,
18287989,2026-04-10 00:00:00-03,20451,1,2,68.49434534,11.26344906,1,1.00000000,0.17000000,0.03089478,,0.00000000,2,f,2026-05-11 14:48:11.803599-03,,
18288100,2026-04-11 00:00:00-03,20451,1,2,68.49434534,11.26344906,1,1.00000000,0.17000000,0.03089478,,0.00000000,2,f,2026-05-11 14:48:48.496614-03,,
18288278,2026-04-12 00:00:00-03,20451,1,2,68.49434534,11.26344906,1,1.00000000,0.17000000,0.03089478,,0.00000000,2,f,2026-05-11 14:49:26.105718-03,,
18288522,2026-04-13 00:00:00-03,20451,1,2,68.49434534,11.31315610,1,1.00000000,0.17000000,0.03149944,,0.00000000,2,f,2026-05-11 14:50:03.635113-03,,
18288699,2026-04-14 00:00:00-03,20451,1,2,68.49434534,11.36289411,1,1.00000000,0.17000000,0.03134461,,0.00000000,2,f,2026-05-11 14:50:41.274196-03,,
19723044,2026-04-15 00:00:00-03,20451,1,2,68.49434534,11.41266312,1,1.00000000,0.17000000,0.03090072,,0.00000000,2,f,2026-05-17 18:57:51.027261-03,,
19723102,2026-04-16 00:00:00-03,20451,1,2,68.49434534,11.46246315,1,1.00000000,0.17000000,0.03049985,,0.00000000,2,f,2026-05-17 18:58:09.559221-03,,
19723280,2026-04-17 00:00:00-03,20451,1,2,68.49434534,11.51229422,1,1.00000000,0.17000000,0.03150711,,0.00000000,2,f,2026-05-17 19:00:36.672319-03,,
20023608,2026-04-18 00:00:00-03,20451,1,2,68.49434534,11.51229422,1,1.00000000,0.17000000,0.03150711,,0.00000000,2,f,2026-05-17 19:21:52.810577-03,,
20023790,2026-04-19 00:00:00-03,20451,1,2,68.49434534,11.51229422,1,1.00000000,0.17000000,0.03150711,,0.00000000,2,f,2026-05-17 19:22:30.722645-03,,
20024036,2026-04-20 00:00:00-03,20451,1,2,68.49434534,11.56215634,1,1.00000000,0.17000000,0.03200063,,0.00000000,2,f,2026-05-17 19:23:06.5173-03,,
20024154,2026-04-21 00:00:00-03,20451,1,2,68.49434534,11.56215634,1,1.00000000,0.17000000,0.03200063,,0.00000000,2,f,2026-05-17 19:23:41.106037-03,,
20024340,2026-04-22 00:00:00-03,20451,1,2,68.49434534,11.61204954,1,1.00000000,0.17000000,0.03110788,,0.00000000,2,f,2026-05-17 19:24:18.72964-03,,
20024522,2026-04-23 00:00:00-03,20451,1,2,68.49434534,11.66197383,1,1.00000000,0.17000000,0.02944657,,0.00000000,2,f,2026-05-17 19:24:53.746085-03,,
20324924,2026-04-24 00:00:00-03,20451,1,2,68.49434534,11.71192924,1,1.00000000,0.17000000,0.03007062,,0.00000000,2,f,2026-05-17 20:18:43.742108-03,,
20325102,2026-04-25 00:00:00-03,20451,1,2,68.49434534,11.71192924,1,1.00000000,0.17000000,0.03007062,,0.00000000,2,f,2026-05-17 20:19:20.509022-03,,
20325284,2026-04-26 00:00:00-03,20451,1,2,68.49434534,11.71192924,1,1.00000000,0.17000000,0.03007062,,0.00000000,2,f,2026-05-17 20:19:55.307678-03,,
20325470,2026-04-27 00:00:00-03,20451,1,2,68.49434534,11.76191578,1,1.00000000,0.17000000,0.02969885,,0.00000000,2,f,2026-05-17 20:20:33.112132-03,,
20325651,2026-04-28 00:00:00-03,20451,1,2,68.49434534,11.81193347,1,1.00000000,0.17000000,0.02964475,,0.00000000,2,f,2026-05-17 20:21:10.321979-03,,
20325833,2026-04-29 00:00:00-03,20451,1,2,68.49434534,11.86198234,1,1.00000000,0.17000000,0.02764532,,0.00000000,2,f,2026-05-17 20:21:45.153533-03,,
20326015,2026-04-30 00:00:00-03,20451,1,2,68.49434534,11.91206240,1,1.00000000,0.17000000,0.02903812,,0.00000000,2,f,2026-05-17 20:22:23.559908-03,,
20326194,2026-05-01 00:00:00-03,20451,1,2,68.49434534,11.91206240,1,1.00000000,0.17000000,0.02903812,,0.00000000,2,f,2026-05-17 20:22:59.012812-03,,
20326376,2026-05-02 00:00:00-03,20451,1,2,68.49434534,11.91206240,1,1.00000000,0.17000000,0.02903812,,0.00000000,2,f,2026-05-17 20:23:36.012836-03,,
20326558,2026-05-03 00:00:00-03,20451,1,2,68.49434534,11.91206240,1,1.00000000,0.17000000,0.02903812,,0.00000000,2,f,2026-05-17 20:24:13.514126-03,,
20326743,2026-05-04 00:00:00-03,20451,1,2,68.49434534,11.96217367,1,1.00000000,0.17000000,0.02716840,,0.00000000,2,f,2026-05-17 20:24:49.016251-03,,
20326925,2026-05-05 00:00:00-03,20451,1,2,68.49434534,12.01231617,1,1.00000000,0.17000000,0.02752955,,0.00000000,2,f,2026-05-17 20:25:27.039815-03,,
21924840,2026-05-06 00:00:00-03,20451,1,2,68.49434534,12.06248992,1,1.00000000,0.17000000,0.02901274,,0.00000000,2,f,2026-05-17 21:14:10.251027-03,,
22631567,2026-05-07 00:00:00-03,20451,1,2,68.49434534,12.11269494,1,1.00000000,0.17000000,0.02828187,,0.00000000,2,f,2026-05-18 02:23:48.045405-03,,
22631657,2026-05-07 09:00:00-03,20451,1,2,63.33692653,12.11269494,1,1.00000000,0.17000000,0.02828187,,-63.33692653,2,f,2026-05-18 02:25:27.3452-03,,
22631762,2026-05-08 00:00:00-03,20451,1,2,63.33692653,12.15971702,1,1.00000000,0.17000000,0.02891445,,0.00000000,2,f,2026-05-18 02:31:44.09967-03,,
22631941,2026-05-09 00:00:00-03,20451,1,2,63.33692653,12.15971702,1,1.00000000,0.17000000,0.02891445,,0.00000000,2,f,2026-05-18 02:32:22.748633-03,,
22632123,2026-05-10 00:00:00-03,20451,1,2,63.33692653,12.15971702,1,1.00000000,0.17000000,0.02891445,,0.00000000,2,f,2026-05-18 02:32:59.062556-03,,
22632308,2026-05-11 00:00:00-03,20451,1,2,63.33692653,12.20676840,1,1.00000000,0.17000000,0.02764784,,0.00000000,2,f,2026-05-18 02:33:36.895102-03,,
23063290,2026-05-12 00:00:00-03,20451,1,2,63.33692653,12.25384910,1,1.00000000,0.17000000,0.02738611,,0.00000000,2,f,2026-05-18 02:52:36.869398-03,,
23063472,2026-05-13 00:00:00-03,20451,1,2,63.33692653,12.30095915,1,1.00000000,0.17000000,0.02489461,,0.00000000,2,f,2026-05-18 02:53:15.326094-03,,
23063654,2026-05-14 00:00:00-03,20451,1,2,63.33692653,12.34809856,1,1.00000000,0.17000000,0.02528948,,0.00000000,2,f,2026-05-18 02:53:51.56066-03,,
23063836,2026-05-15 00:00:00-03,20451,1,2,63.33692653,12.39526735,1,1.00000000,0.17000000,0.02377855,,0.00000000,2,f,2026-05-18 02:54:30.472293-03,,
23126435,2026-05-16 00:00:00-03,20451,1,2,63.33692653,12.39526735,1,1.00000000,0.17000000,0.02377855,,0.00000000,2,f,2026-05-19 13:07:47.854641-03,,
23126617,2026-05-17 00:00:00-03,20451,1,2,63.33692653,12.39526735,1,1.00000000,0.17000000,0.02377855,,0.00000000,2,f,2026-05-19 13:08:26.314551-03,,
23126802,2026-05-18 00:00:00-03,20451,1,2,63.33692653,12.44246553,1,1.00000000,0.17000000,0.02406728,,0.00000000,2,f,2026-05-19 13:09:03.339457-03,,
23126984,2026-05-19 00:00:00-03,20451,1,2,63.33692653,12.48969313,1,1.00000000,0.17000000,0.02406704,,0.00000000,2,f,2026-05-19 13:09:40.19365-03,,
23963399,2026-05-20 00:00:00-03,20451,1,2,63.33692653,12.53695016,1,1.00000000,0.17000000,0.02478495,,0.00000000,2,f,2026-05-25 00:01:35.859853-03,,
23963585,2026-05-21 00:00:00-03,20451,1,2,63.33692653,12.58423664,1,1.00000000,0.17000000,0.02515271,,0.00000000,2,f,2026-05-25 00:01:38.668964-03,,
23963771,2026-05-22 00:00:00-03,20451,1,2,63.33692653,12.63155259,1,1.00000000,0.17000000,0.02573868,,0.00000000,2,f,2026-05-25 00:01:41.269357-03,,
23963954,2026-05-23 00:00:00-03,20451,1,2,63.33692653,12.63155259,1,1.00000000,0.17000000,0.02573868,,0.00000000,2,f,2026-05-25 00:01:43.656232-03,,
23964140,2026-05-24 00:00:00-03,20451,1,2,63.33692653,12.63155259,1,1.00000000,0.17000000,0.02573868,,0.00000000,2,f,2026-05-25 00:01:46.457985-03,,
23964329,2026-05-25 00:00:00-03,20451,1,2,63.33692653,12.67889803,1,1.00000000,0.17000000,0.02573851,,0.00000000,2,f,2026-05-25 00:01:48.974372-03,,
24001085,2026-05-26 00:00:00-03,20451,1,2,63.33692653,12.72627298,1,1.00000000,0.17000000,0.02573848,,0.00000000,2,f,2026-05-26 00:01:13.287872-03,,
24020423,2026-05-27 00:00:00-03,20451,1,2,63.33692653,12.77367745,1,1.00000000,0.17000000,0.02717016,,0.00000000,2,f,2026-05-27 00:01:10.258331-03,,
24486993,2026-05-28 00:00:00-03,20451,1,2,63.33692653,12.82111147,1,1.00000000,0.17000000,0.02642080,,0.00000000,2,f,2026-05-28 00:01:09.869677-03,,
24506507,2026-05-29 00:00:00-03,20451,1,2,63.33692653,12.86857505,1,1.00000000,0.17000000,0.02626919,,0.00000000,2,f,2026-05-29 00:01:06.3516-03,,
24536289,2026-05-30 00:00:00-03,20451,1,2,63.33692653,12.86857505,1,1.00000000,0.17000000,0.02626919,,0.00000000,2,f,2026-05-31 00:01:09.290903-03,,
24536475,2026-05-31 00:00:00-03,20451,1,2,63.33692653,12.86857505,1,1.00000000,0.17000000,0.02626919,,0.00000000,2,f,2026-05-31 00:01:12.689379-03,,
24546073,2026-06-01 00:00:00-03,20451,1,2,63.33692653,12.91606821,1,1.00000000,0.17000000,0.02653012,,0.00000000,2,t,2026-06-01 00:01:12.284011-03,,
