serie,date,p_Dm1_V1,p_Dm1_V2,p_D0_V1,p_D0_V2,p_D0ant_V2,juros_V1,juros_V2,dif_V1_V2,bate
CR-CONSORTIUMS-13-01-SINGLE,2026-05-15,106.29595096,106.29595096,82.15956074,82.15956074,106.36219724,24.2026365,24.202636499999997,3.552713678800501e-15,SIM
CR-CONSORTIUMS-29-01-SINGLE,2026-05-05,100.64151938,100.64151938,37.45227739,37.45227739,100.71227739,63.26,63.26,0.0,SIM
CR-CONSORTIUMS-29-01-SINGLE,2026-05-15,37.63698754,37.63698754,22.90142816,22.90142816,37.66344896,14.7620208,14.762020799999998,1.7763568394002505e-15,SIM
CR-CONSORTIUMS-29-01-SINGLE,2026-06-03,23.09539264,23.07916638,21.22763231,,,1.883998,,,N/A
CR-CONSORTIUMS-29-01-SINGLE,2026-06-09,21.25749181,23.07916638,11.35216579,,,9.92027152,,,N/A
CR-FGTS-01-01-SINGLE,2025-07-08,100.311998,100.31200106,98.5132952,98.51329819,100.37451799,1.8612198,1.8612198000000006,-6.661338147750939e-16,SIM
CR-FGTS-01-01-SINGLE,2025-08-05,99.6863842,99.68638713,97.04398054,97.04398347,99.74851416,2.70453069,2.7045306899999986,1.3322676295501878e-15,SIM
CR-FGTS-01-01-SINGLE,2025-09-08,98.44460366,98.44460651,95.99161421,95.99161706,98.50595963,2.51434257,2.514342570000011,-1.0658141036401503e-14,SIM
CR-FGTS-01-01-SINGLE,2025-10-06,97.1346752,97.13467801,93.88721095,93.88721376,97.19521475,3.30800099,3.3080009900000107,-1.0658141036401503e-14,SIM
CR-FGTS-01-01-SINGLE,2025-11-06,95.18295235,95.18295517,93.09814973,93.09815255,95.24227555,2.144123,2.1441230000000076,-7.549516567451064e-15,SIM
CR-FGTS-01-01-SINGLE,2025-11-14,93.38861695,93.38861978,93.32051115,93.26231188,93.44682189,0.1263079,0.18451000999999678,-0.05820210999999678,NAO
CR-FGTS-01-01-SINGLE,2025-12-08,94.13805305,94.07934391,90.488251923,90.42950619,94.13797649,3.708470297,3.708470300000002,-3.0000020245779524e-09,SIM
CR-FGTS-01-01-SINGLE,2026-01-09,91.6799469,91.62042752,87.423528674,87.36397219,91.67752764,4.313555446,4.3135554499999955,-3.9999958900693855e-09,SIM
CR-FGTS-01-01-SINGLE,2026-02-11,88.6300645,88.56968608,82.830379178,82.76996313,88.62488491,5.854921782,5.854921780000012,1.999987730982866e-09,SIM
CR-FGTS-01-01-SINGLE,2026-03-05,83.50397967,83.44307228,78.6032065685148,78.54226122,83.49507607,4.95281485148515,4.952814849999996,1.485154221825269e-09,SIM
CR-FGTS-01-01-SINGLE,2026-04-07,79.63838014,79.57663216,79.67064542,79.60885896,79.62622629,0.01736733,0.017367329999999015,9.853229343548264e-16,SIM
CR-FGTS-01-01-SINGLE,2026-05-07,80.61935746,80.55683526,75.51218263,75.44962147,80.60704028,5.15741881,5.15741881000001,-9.769962616701378e-15,SIM
CR-FGTS-01-01-SINGLE,2026-06-08,76.45899747,76.25299474,74.90616742,,,1.60048119,,,N/A
CR-FGTS-02-01-SINGLE,2025-10-06,101.76673972,101.76673965,98.7892461,98.78924603,101.83531103,3.046065,3.0460649999999987,1.3322676295501878e-15,SIM
CR-FGTS-02-01-SINGLE,2025-11-06,100.26408614,100.26408604,98.55530801,98.55530791,100.33164491,1.776337,1.776336999999998,1.9984014443252818e-15,SIM
CR-FGTS-02-01-SINGLE,2025-11-14,98.88779318,98.88779308,97.90050169,97.83387008,98.95442459,1.053923,1.1205545100000052,-0.06663151000000522,NAO
CR-FGTS-02-01-SINGLE,2025-12-08,98.8280852,98.76082226,95.395064997,95.32775674,98.82736822,3.499611483,3.4996114799999987,3.0000011363995327e-09,SIM
CR-FGTS-02-01-SINGLE,2026-01-09,96.75403896,96.68577189,92.615668137,92.54735507,96.75091966,4.203564593,4.203564589999999,3.0000011363995327e-09,SIM
CR-FGTS-02-01-SINGLE,2026-02-11,93.99834184,93.92900891,90.69746636,90.62808671,93.99229915,3.36421244,3.3642124399999886,1.1546319456101628e-14,SIM
CR-FGTS-02-01-SINGLE,2026-03-05,91.49515257,91.42516272,87.2963176825359,87.22628067,91.48676584,4.26048516746411,4.26048517000001,-2.535899490396787e-09,SIM
CR-FGTS-02-01-SINGLE,2026-04-07,88.53991896,88.46888424,84.88239425,84.81131167,88.5284954,3.71718373,3.717183730000002,-2.220446049250313e-15,SIM
CR-FGTS-02-01-SINGLE,2026-05-07,85.97570588,85.90370775,82.41334429,82.34129765,85.96159047,3.62029282,3.620292820000003,-3.1086244689504383e-15,SIM
CR-FGTS-02-01-SINGLE,2026-06-08,83.53109994,83.28959875,80.09039067,,,3.4969933,,,N/A
CR-FGTS-03-01-SINGLE,2025-10-06,101.255741,101.25574532,98.31786,98.31786527,101.32227227,3.004407,3.0044070000000005,-4.440892098500626e-16,SIM
CR-FGTS-03-01-SINGLE,2025-11-06,99.748827,99.74883982,98.329267,98.3292807,99.8143767,1.485096,1.4850959999999986,1.3322676295501878e-15,SIM
CR-FGTS-03-01-SINGLE,2025-11-14,98.652712,98.65272648,97.448875,97.38407248,98.7175432,1.268654,1.333470719999994,-0.06481671999999405,NAO
CR-FGTS-03-01-SINGLE,2025-12-08,98.34907124,98.28367266,94.11284445,94.0474029,98.3482469,4.300844,4.300844000000012,-1.2434497875801753e-14,SIM
CR-FGTS-03-01-SINGLE,2026-01-09,95.41992405,95.3535736,92.11654175,92.05014771,95.41622271,3.366075,3.366074999999995,4.884981308350689e-15,SIM
CR-FGTS-03-01-SINGLE,2026-02-10,93.39589582,93.32857967,89.8336897,89.76632932,93.38989832,3.623569,3.6235690000000034,-3.552713678800501e-15,SIM
CR-FGTS-03-01-SINGLE,2026-03-05,90.66354206,90.59555944,87.30452173,87.23649445,90.65508245,3.418588,3.4185879999999997,4.440892098500626e-16,SIM
CR-FGTS-03-01-SINGLE,2026-04-07,88.51704439,88.44807231,85.38897577,85.31995838,88.50618438,3.186226,3.1862259999999907,9.325873406851315e-15,SIM
CR-FGTS-03-01-SINGLE,2026-05-06,86.40447444,86.33463625,82.23108682,82.16120275,86.39135975,4.230157,4.2301570000000055,-5.329070518200751e-15,SIM
CR-FGTS-03-01-SINGLE,2026-06-08,83.37314744,83.13831473,79.94589718,,,3.482028,,,N/A
CR-FGTS-04-01-SINGLE,2025-10-06,101.056423,101.05642644,98.922525,98.92252943,101.12282243,2.200293,2.200293000000002,-2.220446049250313e-15,SIM
CR-FGTS-04-01-SINGLE,2025-11-06,100.362291,100.36230465,99.160588,99.16060259,100.42824459,1.267642,1.2676420000000093,-9.325873406851315e-15,SIM
CR-FGTS-04-01-SINGLE,2025-11-14,99.486768,99.48678293,98.499851,98.49986564,99.55214764,1.052282,1.0522820000000053,-5.329070518200751e-15,SIM
CR-FGTS-04-01-SINGLE,2025-12-08,99.40975692,99.40977311,96.05790102,96.05791722,99.47508722,3.41717,3.417170000000013,-1.2878587085651816e-14,SIM
CR-FGTS-04-01-SINGLE,2026-01-09,97.39199437,97.39201078,94.712152093,94.71216851,97.45599918,2.743830667,2.7438306700000084,-3.0000082418268903e-09,SIM
CR-FGTS-04-01-SINGLE,2026-02-10,96.02755513,96.02757178,92.69301006,92.69302672,96.09066372,3.397637,3.397636999999989,1.1102230246251565e-14,SIM
CR-FGTS-04-01-SINGLE,2026-03-05,93.54927583,93.54929263,89.8650648133333,89.86508162,93.61075629,3.74567466666667,3.7456746699999997,-3.3333296123316813e-09,SIM
CR-FGTS-04-01-SINGLE,2026-04-07,91.11314942,91.11316644,87.17492849,87.17494552,91.17302952,3.998084,3.9980840000000057,-5.773159728050814e-15,SIM
CR-FGTS-04-01-SINGLE,2026-05-06,88.21166682,88.21168404,84.13278023,84.13279746,88.26964079,4.13684333,4.136843329999991,8.881784197001252e-15,SIM
CR-FGTS-04-01-SINGLE,2026-06-08,85.30125238,85.13335689,81.63338492,,,3.723912,,,N/A
CR-FGTS-05-01-SINGLE,2025-10-06,100.658963,100.65896496,98.935462,98.93546481,100.72509981,1.789635,1.789635000000004,-3.9968028886505635e-15,SIM
CR-FGTS-05-01-SINGLE,2025-11-06,100.375415,100.37542826,98.713135,98.71314883,100.44137683,1.728228,1.7282280000000014,-1.3322676295501878e-15,SIM
CR-FGTS-05-01-SINGLE,2025-11-14,99.037843,99.03785732,98.0581066,98.05812068,99.10292708,1.0448064,1.0448063999999988,1.1102230246251565e-15,SIM
CR-FGTS-05-01-SINGLE,2025-12-08,98.96393149,98.96394747,96.15347788,96.15349387,99.02896867,2.8754748,2.875474799999992,7.993605777301127e-15,SIM
CR-FGTS-05-01-SINGLE,2026-01-09,97.48889865,97.48891488,94.45470471,94.45472095,97.55296695,3.098246,3.098246000000003,-3.1086244689504383e-15,SIM
CR-FGTS-05-01-SINGLE,2026-02-10,95.76653218,95.76654865,92.44701261,92.44702909,95.82946909,3.38244,3.3824400000000026,-2.6645352591003757e-15,SIM
CR-FGTS-05-01-SINGLE,2026-03-05,93.30100595,93.30102258,90.20163649,90.20165313,93.36232313,3.16067,3.160669999999996,3.9968028886505635e-15,SIM
CR-FGTS-05-01-SINGLE,2026-04-07,91.4543955,91.4544124,88.27920318,88.27922009,91.51449969,3.2352796,3.2352795999999984,1.7763568394002505e-15,SIM
CR-FGTS-05-01-SINGLE,2026-05-06,89.32907422,89.32909136,86.02303912,86.02305627,89.38778227,3.364726,3.3647260000000045,-4.440892098500626e-15,SIM
CR-FGTS-05-01-SINGLE,2026-06-08,87.21776399,87.04609581,84.07096872,,,3.204099,,,N/A
CR-FGTS-06-01-SINGLE,2025-11-06,101.522106,101.5221155,99.845282,99.84529246,101.58881746,1.743525,1.7435250000000053,-5.329070518200751e-15,SIM
CR-FGTS-06-01-SINGLE,2025-11-14,100.173714,100.17372504,99.1611508,99.09534584,100.23954108,1.0783792,1.144195240000002,-0.06581604000000185,NAO
CR-FGTS-06-01-SINGLE,2025-12-08,100.07716546,100.01075415,95.31674286,95.25028792,100.07646312,4.8261752,4.8261751999999944,5.329070518200751e-15,SIM
CR-FGTS-06-01-SINGLE,2026-01-09,96.6405427,96.57316481,93.73596937,93.66854722,96.63661522,2.968068,2.9680680000000024,-2.220446049250313e-15,SIM
CR-FGTS-06-01-SINGLE,2026-02-10,95.03781475,94.96945621,91.9231974,91.85479395,95.03185295,3.177059,3.177059,0.0,SIM
CR-FGTS-06-01-SINGLE,2026-03-05,92.77235191,92.70331658,89.39642631,89.32734562,92.76422442,3.4368788,3.4368788000000023,-2.220446049250313e-15,SIM
CR-FGTS-06-01-SINGLE,2026-04-07,90.63800226,90.56796213,87.32333555,87.2532494,90.627467,3.3742176,3.3742175999999944,5.773159728050814e-15,SIM
CR-FGTS-06-01-SINGLE,2026-05-06,88.36183883,88.29091916,84.51988104,84.44891477,88.34892797,3.9000132,3.9000132000000036,-3.552713678800501e-15,SIM
CR-FGTS-06-01-SINGLE,2026-06-08,85.69372942,85.45323367,82.88580983,,,2.864222,,,N/A
CR-FGTS-07-01-SINGLE,2025-11-18,100.79541979,100.79541979,97.843375087,97.84337509,100.85686735,3.013492263,3.0134922600000067,2.9999931427937554e-09,SIM
CR-FGTS-07-01-SINGLE,2025-12-09,98.62164065,98.62164066,93.937430611,93.93743062,98.68176303,4.744332409,4.744332409999998,-9.999983063835316e-10,SIM
CR-FGTS-07-01-SINGLE,2026-01-13,95.20539648,95.20539649,91.96838264,91.96838265,95.26343622,3.29505357,3.2950535700000074,-7.549516567451064e-15,SIM
CR-FGTS-07-01-SINGLE,2026-02-12,93.1529818,93.15298181,90.12789004,90.12789005,93.20977034,3.08188029,3.081880290000001,-8.881784197001252e-16,SIM
CR-FGTS-07-01-SINGLE,2026-03-06,90.84478512,90.84478513,87.42154315,87.42154316,90.90016652,3.47862336,3.4786233600000003,-4.440892098500626e-16,SIM
CR-FGTS-07-01-SINGLE,2026-04-08,88.54757672,88.54757673,85.3804822,85.38048221,88.60155768,3.22107547,3.2210754700000024,-2.220446049250313e-15,SIM
CR-FGTS-07-01-SINGLE,2026-05-07,86.3222566,86.32225661,82.682193641,82.68219365,86.37488095,3.692687299,3.692687300000003,-1.00000274727563e-09,SIM
CR-FGTS-07-01-SINGLE,2026-06-09,83.74718201,83.54327487,80.44773359,,,3.35050292,,,N/A
CR-FGTS-08-01-SENIOR,2026-03-16,105.96473125,105.96473125,92.5,106.03148255,,13.53147639,0.0,13.53147639,NAO
CR-FGTS-08-01-SENIOR,2026-04-17,93.7750386,107.49304197,-0.442495919999999,13.28403031,107.55982631,93.833296,94.275796,-0.44249999999999545,NAO
CR-FGTS-08-02-MEZZANINE,2026-03-16,106.53100134,106.53100134,92.5,106.60428495,,14.1042787,0.0,14.1042787,NAO
CR-FGTS-08-02-MEZZANINE,2026-04-17,93.89463093,108.21156757,-0.442495269999995,13.88416629,108.28507129,93.958405,94.40090500000001,-0.44250000000000966,NAO
CR-FGTS-08-03-SUBORDINATED,2026-04-23,100.0,106.69952985,10.0,16.75743166,106.75743166,90.0,90.0,0.0,SIM
CR-FGTS-10-01-SINGLE,2025-12-08,102.08548749,102.08549857,98.903456687,98.90346777,102.15136654,3.247898773,3.247898769999992,3.0000082418268903e-09,SIM
CR-FGTS-10-01-SINGLE,2026-01-09,100.2522506,100.25226182,96.747687254,96.74769848,100.31694695,3.569248466,3.569248470000005,-4.000005215942792e-09,SIM
CR-FGTS-10-01-SINGLE,2026-02-10,98.06708192,98.06709328,95.14962112,95.14963248,98.13036848,2.980736,2.9807360000000074,-7.549516567451064e-15,SIM
CR-FGTS-10-01-SINGLE,2026-03-05,96.01273406,96.01274554,92.5549585866258,92.55497008,96.07469523,3.51972515337423,3.5197251499999993,3.374230672648082e-09,SIM
CR-FGTS-10-01-SINGLE,2026-04-07,93.81717496,93.81718661,89.94556446,89.94557611,93.87771967,3.93214356,3.93214356,0.0,SIM
CR-FGTS-10-01-SINGLE,2026-05-06,90.99594342,90.9959552,86.68024695,86.68025874,91.05466794,4.3744092,4.374409200000002,-2.6645352591003757e-15,SIM
CR-FGTS-10-01-SINGLE,2026-06-08,87.86234707,87.69250563,84.38136293,,,3.537675,,,N/A
CR-FGTS-12-01-SINGLE,2025-12-08,100.71764169,100.71764169,97.291990003,97.29199,100.78313667,3.491146667,3.4911466700000062,-3.000006021380841e-09,SIM
CR-FGTS-12-01-SINGLE,2026-01-09,98.62927945,98.62927944,95.298895289,95.29889528,98.69341639,3.394521111,3.3945211099999995,1.0000005268295808e-09,SIM
CR-FGTS-12-01-SINGLE,2026-02-11,96.67161245,96.67161244,92.990533027,92.99053302,96.73447635,3.743943333,3.7439433299999934,3.000006465470051e-09,SIM
CR-FGTS-12-01-SINGLE,2026-03-05,93.7797197,93.7797197,90.5803208377778,90.58032084,93.84070306,3.26038222222222,3.2603822199999968,2.222223294268133e-09,SIM
CR-FGTS-12-01-SINGLE,2026-04-07,91.82535761,91.82535761,88.25413119,88.25413119,91.88507008,3.63093889,3.63093889000001,-1.021405182655144e-14,SIM
CR-FGTS-12-01-SINGLE,2026-05-07,89.35094963,89.35094963,85.93350415,85.93350415,89.40905304,3.47554889,3.475548889999999,8.881784197001252e-16,SIM
CR-FGTS-12-01-SINGLE,2026-06-08,87.05805752,86.88844103,84.82674323,,,2.28792667,,,N/A
CR-FGTS-15-01-SINGLE,2026-03-05,101.96935608,101.96935608,97.8218161311111,97.82181613,102.03566502,4.21384888888889,4.213848889999994,-1.111104097617499e-09,SIM
CR-FGTS-15-01-SINGLE,2026-04-07,99.16638811,99.16638811,95.75394544,95.75394544,99.23087433,3.47692889,3.4769288900000106,-1.0658141036401503e-14,SIM
CR-FGTS-15-01-SINGLE,2026-05-07,96.94397123,96.94397123,93.18998855,93.18998855,97.00701225,3.8170237,3.817023700000007,-7.105427357601002e-15,SIM
CR-FGTS-15-01-SINGLE,2026-06-09,94.47089551,94.22556319,90.35021722,,,4.18211111,,,N/A
CR-FGTS-23-01-SINGLE,2026-05-07,102.63268868,102.14292338,102.15259997,102.12730895,102.20310004,0.54213173,0.07579108999999562,0.4663406400000044,NAO
CR-FGTS-23-01-SINGLE,2026-06-08,103.39477452,103.15499074,98.56772252,,,4.827052,,,N/A
CR-FGTS-25-01-SINGLE,2026-05-06,102.39576481,102.39576481,97.193368255087,98.66159039,102.45958039,5.26621213491274,3.7979899999999986,1.4682221349127413,NAO
CR-FGTS-25-01-SINGLE,2026-06-08,98.47336701,99.77426338,95.68832601,,,2.785041,,,N/A
